train_acc,train_loss,val_acc,val_loss
0.69332,1.0195125,0.8317721518987341,0.51046085
0.8324900000000001,0.49069545,0.8474683544303796,0.42849514
0.85452,0.41749308,0.861772151898734,0.3887904
